;Distribuição dos casos notificados e confirmados (autóctones e importados ) de dengue segundo município de residência, por mês de início de sintomas, ESP, 2024;;;;;;;;;;;
DRS;;GVE;;RS;;MUNICÍPIO DE RESIDÊNCIA;Janeiro ;;;Total;;
;;;;;;;Notificados ;Confirmados;;Notificados ;Confirmados;
;;;;;;;; autóctones ; importados ;; autóctones ; importados 
;;;;;;;;;;;;
9;Marília;XIX;MARÍLIA;35091;ADAMANTINA ;350010 Adamantina;60;7;0;60;7;0
15;São José do Rio Preto;XXIX;SÃO JOSÉ DO RIO PRETO;35156;JOSÉ BONIFÁCIO;350020 Adolfo;12;0;0;12;0;0
14;São João da Boa Vista;XXVI;SÃO JOÃO DA BOA VISTA;35142;MANTIQUEIRA;350030 Aguaí;17;3;0;17;3;0
14;São João da Boa Vista;XXVI;SÃO JOÃO DA BOA VISTA;35142;MANTIQUEIRA;350040 Águas da Prata;5;0;1;5;0;1
7;Campinas;XVII;CAMPINAS;35074;CIRCUITO DAS AGUAS;350050 Águas de Lindóia;14;0;6;14;0;6
6;Bauru;XVI;BOTUCATU;35061;VALE DO JURUMIRIM;350055 Águas de Santa Bárbara;1;0;1;1;0;1
10;Piracicaba;XX;PIRACICABA;35103;PIRACICABA;350060 Águas de São Pedro;10;0;0;10;0;0
6;Bauru;XV;BAURU;35062;BAURU;350070 Agudos;23;10;0;23;10;0
16;Sorocaba;XXXI;SOROCABA;35161;ITAPETININGA;350075 Alambari;5;0;1;5;0;1
11;Presidente Prudente;XXI;PRESIDENTE PRUDENTE;35112;ALTA SOROCABANA;350080 Alfredo Marcondes;3;0;0;3;0;0
5;Barretos;XIV;BARRETOS;35051;NORTE-BARRETOS;350090 Altair;31;2;1;31;2;1
13;Riberão Preto;XXIV;RIBEIRÃO PRETO;35133;VALE DAS CACHOEIRAS;350100 Altinópolis;1;0;0;1;0;0
2;Araçatuba;XI;ARAÇATUBA;35023;CONSÓRCIOS DO DRS II;350110 Alto Alegre;1;0;1;1;0;1
16;Sorocaba;XXXI;SOROCABA;35163;SOROCABA;350115 Alumínio;27;7;2;27;7;2
15;São José do Rio Preto;XXIX;SÃO JOSÉ DO RIO PRETO;35157;VOTUPORANGA;350120 Álvares Florence;16;2;0;16;2;0
11;Presidente Prudente;XXI;PRESIDENTE PRUDENTE;35112;ALTA SOROCABANA;350130 Álvares Machado;30;0;2;30;0;2
9;Marília;XIX;MARÍLIA;35093;MARÍLIA;350140 Álvaro de Carvalho;3;3;0;3;3;0
9;Marília;XIX;MARÍLIA;35093;MARÍLIA;350150 Alvinlândia;1;1;0;1;1;0
7;Campinas;XVII;CAMPINAS;35072;REG METRO CAMPINAS;350160 Americana;217;26;1;217;26;1
3;Araraquara;XII;ARARAQUARA;35031;CENTRAL DO DRS III;350170 Américo Brasiliense;72;6;1;72;6;1
15;São José do Rio Preto;XXIX;SÃO JOSÉ DO RIO PRETO;35157;VOTUPORANGA;350180 Américo de Campos;14;4;0;14;4;0
7;Campinas;XVII;CAMPINAS;35074;CIRCUITO DAS AGUAS;350190 Amparo;23;16;1;23;16;1
10;Piracicaba;XX;PIRACICABA;35104;RIO CLARO;350200 Analândia;28;12;1;28;12;1
2;Araçatuba;XI;ARAÇATUBA;35022;LAGOS DO DRS II;350210 Andradina;98;3;0;98;3;0
16;Sorocaba;XXXI;SOROCABA;35161;ITAPETININGA;350220 Angatuba;6;0;2;6;0;2
6;Bauru;XVI;BOTUCATU;35063;POLO CUESTA;350230 Anhembi;11;0;1;11;0;1
11;Presidente Prudente;XXI;PRESIDENTE PRUDENTE;35112;ALTA SOROCABANA;350240 Anhumas;4;0;0;4;0;0
17;Taubaté;XXXIII;TAUBATÉ;35172;CIRCUITO DA FÉ - VALE HISTÓRICO;350250 Aparecida;78;15;4;78;15;4
15;São José do Rio Preto;XXX;JALES;35153;JALES;350260 Aparecida d'Oeste;3;0;0;3;0;0
16;Sorocaba;XXXII;ITAPEVA;35162;ITAPEVA;350270 Apiaí;13;1;2;13;1;2
16;Sorocaba;XXXI;SOROCABA;35163;SOROCABA;350275 Araçariguama;31;24;0;31;24;0
2;Araçatuba;XI;ARAÇATUBA;35021;CENTRAL DO DRS II;350280 Araçatuba;508;21;0;508;21;0
16;Sorocaba;XXXI;SOROCABA;35163;SOROCABA;350290 Araçoiaba da Serra;34;9;0;34;9;0
8;Franca;XVIII;FRANCA;35083;ALTA MOGIANA;350300 Aramina;0;0;0;0;0;0
6;Bauru;XVI;BOTUCATU;35061;VALE DO JURUMIRIM;350310 Arandu;3;0;0;3;0;0
17;Taubaté;XXXIII;TAUBATÉ;35172;CIRCUITO DA FÉ - VALE HISTÓRICO;350315 Arapeí;2;0;2;2;0;2
3;Araraquara;XII;ARARAQUARA;35031;CENTRAL DO DRS III;350320 Araraquara;423;54;8;423;54;8
10;Piracicaba;XX;PIRACICABA;35101;ARARAS;350330 Araras;43;6;3;43;6;3
9;Marília;XIX;MARÍLIA;35095;TUPÃ;350335 Arco-Íris;2;1;1;2;1;1
6;Bauru;XV;BAURU;35062;BAURU;350340 Arealva;45;24;1;45;24;1
17;Taubaté;XXXIII;TAUBATÉ;35172;CIRCUITO DA FÉ - VALE HISTÓRICO;350350 Areias;13;1;3;13;1;3
6;Bauru;XVI;BOTUCATU;35063;POLO CUESTA;350360 Areiópolis;10;2;1;10;2;1
15;São José do Rio Preto;XXIX;SÃO JOSÉ DO RIO PRETO;35151;CATANDUVA;350370 Ariranha;124;55;1;124;55;1
7;Campinas;XVII;CAMPINAS;35072;REG METRO CAMPINAS;350380 Artur Nogueira;81;21;2;81;21;2
1;São Paulo;VIII;MOGI DAS CRUZES;35011;ALTO DO TIETÊ;350390 Arujá;72;13;2;72;13;2
15;São José do Rio Preto;XXX;JALES;35153;JALES;350395 Aspásia;11;1;0;11;1;0
9;Marília;XIII;ASSIS;35092;ASSIS;350400 Assis;267;215;0;267;215;0
7;Campinas;XVII;CAMPINAS;35071;BRAGANÇA;350410 Atibaia;229;116;2;229;116;2
2;Araçatuba;XI;ARAÇATUBA;35021;CENTRAL DO DRS II;350420 Auriflama;3;1;0;3;1;0
6;Bauru;XV;BAURU;35062;BAURU;350430 Avaí;1;0;0;1;0;0
2;Araçatuba;XI;ARAÇATUBA;35023;CONSÓRCIOS DO DRS II;350440 Avanhandava;3;3;0;3;3;0
6;Bauru;XVI;BOTUCATU;35061;VALE DO JURUMIRIM;350450 Avaré;96;47;0;96;47;0
15;São José do Rio Preto;XXIX;SÃO JOSÉ DO RIO PRETO;35155;SÃO JOSÉ DO RIO PRETO;350460 Bady Bassitt;70;5;0;70;5;0
6;Bauru;XV;BAURU;35062;BAURU;350470 Balbinos;0;0;0;0;0;0
15;São José do Rio Preto;XXIX;SÃO JOSÉ DO RIO PRETO;35155;SÃO JOSÉ DO RIO PRETO;350480 Bálsamo;37;3;0;37;3;0
17;Taubaté;XXXIII;TAUBATÉ;35172;CIRCUITO DA FÉ - VALE HISTÓRICO;350490 Bananal;16;9;0;16;9;0
6;Bauru;XVI;BOTUCATU;35061;VALE DO JURUMIRIM;350500 Barão de Antonina;0;0;0;0;0;0
2;Araçatuba;XI;ARAÇATUBA;35023;CONSÓRCIOS DO DRS II;350510 Barbosa;5;0;0;5;0;0
6;Bauru;XV;BAURU;35064;JAU;350520 Bariri;318;252;1;318;252;1
6;Bauru;XV;BAURU;35064;JAU;350530 Barra Bonita;53;13;5;53;13;5
16;Sorocaba;XXXII;ITAPEVA;35162;ITAPEVA;350535 Barra do Chapéu;1;0;0;1;0;0
12;Registro;XXIII;REGISTRO;35121;VALE DO RIBEIRA;350540 Barra do Turvo;1;0;0;1;0;0
5;Barretos;XIV;BARRETOS;35051;NORTE-BARRETOS;350550 Barretos;404;43;0;404;43;0
13;Riberão Preto;XXIV;RIBEIRÃO PRETO;35131;HORIZONTE VERDE;350560 Barrinha;68;13;0;68;13;0
1;São Paulo;X;OSASCO;35014;ROTA DOS BANDEIRANTES;350570 Barueri;141;15;8;141;15;8
9;Marília;XIX;MARÍLIA;35095;TUPÃ;350580 Bastos;8;2;0;8;2;0
13;Riberão Preto;XXIV;RIBEIRÃO PRETO;35133;VALE DAS CACHOEIRAS;350590 Batatais;207;78;0;207;78;0
6;Bauru;XV;BAURU;35062;BAURU;350600 Bauru;934;207;1;934;207;1
5;Barretos;XIV;BARRETOS;35052;SUL-BARRETOS;350610 Bebedouro;1.359;409;2;1359;409;2
2;Araçatuba;XI;ARAÇATUBA;35021;CENTRAL DO DRS II;350620 Bento de Abreu;2;0;0;2;0;0
9;Marília;XIII;ASSIS;35094;OURINHOS;350630 Bernardino de Campos;24;15;0;24;15;0
4;Baixada Santista;XXV;SANTOS;35041;BAIXADA SANTISTA;350635 Bertioga;1.071;511;0;1071;511;0
2;Araçatuba;XI;ARAÇATUBA;35021;CENTRAL DO DRS II;350640 Bilac;4;0;0;4;0;0
2;Araçatuba;XI;ARAÇATUBA;35023;CONSÓRCIOS DO DRS II;350650 Birigui;250;70;4;250;70;4
1;São Paulo;VIII;MOGI DAS CRUZES;35011;ALTO DO TIETÊ;350660 Biritiba-Mirim;43;9;2;43;9;2
3;Araraquara;XII;ARARAQUARA;35031;CENTRAL DO DRS III;350670 Boa Esperança do Sul;37;1;0;37;1;0
6;Bauru;XV;BAURU;35064;JAU;350680 Bocaina;13;4;2;13;4;2
6;Bauru;XVI;BOTUCATU;35063;POLO CUESTA;350690 Bofete;29;3;0;29;3;0
16;Sorocaba;XXXI;SOROCABA;35163;SOROCABA;350700 Boituva;146;70;4;146;70;4
7;Campinas;XVII;CAMPINAS;35071;BRAGANÇA;350710 Bom Jesus dos Perdões;47;12;0;47;12;0
16;Sorocaba;XXXII;ITAPEVA;35162;ITAPEVA;350715 Bom Sucesso de Itararé;0;0;0;0;0;0
9;Marília;XIII;ASSIS;35092;ASSIS;350720 Borá;3;0;0;3;0;0
6;Bauru;XV;BAURU;35064;JAU;350730 Boracéia;80;75;0;80;75;0
3;Araraquara;XII;ARARAQUARA;35032;CENTRO OESTE DO DRS III;350740 Borborema;56;37;0;56;37;0
6;Bauru;XV;BAURU;35062;BAURU;350745 Borebi;2;0;0;2;0;0
6;Bauru;XVI;BOTUCATU;35063;POLO CUESTA;350750 Botucatu;1.553;769;32;1553;769;32
7;Campinas;XVII;CAMPINAS;35071;BRAGANÇA;350760 Bragança Paulista;1.029;434;13;1029;434;13
2;Araçatuba;XI;ARAÇATUBA;35023;CONSÓRCIOS DO DRS II;350770 Braúna;3;3;0;3;3;0
2;Araçatuba;XI;ARAÇATUBA;35023;CONSÓRCIOS DO DRS II;350775 Brejo Alegre;4;0;0;4;0;0
13;Riberão Preto;XXIV;RIBEIRÃO PRETO;35133;VALE DAS CACHOEIRAS;350780 Brodósqui;745;715;5;745;715;5
6;Bauru;XV;BAURU;35064;JAU;350790 Brotas;38;5;0;38;5;0
16;Sorocaba;XXXII;ITAPEVA;35162;ITAPEVA;350800 Buri;18;7;0;18;7;0
2;Araçatuba;XI;ARAÇATUBA;35023;CONSÓRCIOS DO DRS II;350810 Buritama;3;0;0;3;0;0
8;Franca;XVIII;FRANCA;35083;ALTA MOGIANA;350820 Buritizal;6;0;0;6;0;0
6;Bauru;XV;BAURU;35062;BAURU;350830 Cabrália Paulista;5;0;0;5;0;0
7;Campinas;XVII;CAMPINAS;35073;JUNDIAÍ;350840 Cabreúva;27;2;0;27;2;0
17;Taubaté;XXVII;SÃO JOSÉ DOS CAMPOS;35171;ALTO VALE DO PARAÍBA;350850 Caçapava;282;14;6;282;14;6
17;Taubaté;XXXIII;TAUBATÉ;35172;CIRCUITO DA FÉ - VALE HISTÓRICO;350860 Cachoeira Paulista;61;7;0;61;7;0
14;São João da Boa Vista;XXVI;SÃO JOÃO DA BOA VISTA;35143;RIO PARDO;350870 Caconde;11;1;1;11;1;1
6;Bauru;XV;BAURU;35065;LINS;350880 Cafelândia;9;3;0;9;3;0
11;Presidente Prudente;XXI;PRESIDENTE PRUDENTE;35112;ALTA SOROCABANA;350890 Caiabu;1;0;0;1;0;0
1;São Paulo;IX;FRANCO DA ROCHA;35012;FRANCO DA ROCHA;350900 Caieiras;195;53;0;195;53;0
11;Presidente Prudente;XXII;PRESIDENTE VENCESLAU;35114;EXTREMO OESTE PAULISTA;350910 Caiuá;1;0;0;1;0;0
1;São Paulo;IX;FRANCO DA ROCHA;35012;FRANCO DA ROCHA;350920 Cajamar;188;16;25;188;16;25
12;Registro;XXIII;REGISTRO;35121;VALE DO RIBEIRA;350925 Cajati;7;0;0;7;0;0
5;Barretos;XIV;BARRETOS;35051;NORTE-BARRETOS;350930 Cajobi;13;3;0;13;3;0
13;Riberão Preto;XXIV;RIBEIRÃO PRETO;35133;VALE DAS CACHOEIRAS;350940 Cajuru;8;0;0;8;0;0
16;Sorocaba;XXXI;SOROCABA;35161;ITAPETININGA;350945 Campina do Monte Alegre;1;0;0;1;0;0
7;Campinas;XVII;CAMPINAS;35072;REG METRO CAMPINAS;350950 Campinas;3.937;2.774;9;3937;2774;9
7;Campinas;XVII;CAMPINAS;35073;JUNDIAÍ;350960 Campo Limpo Paulista;35;11;0;35;11;0
17;Taubaté;XXXIII;TAUBATÉ;35174;V. PARAÍBA-REG. SERRANA;350970 Campos do Jordão;19;0;6;19;0;6
9;Marília;XIX;MARÍLIA;35093;MARÍLIA;350980 Campos Novos Paulista;0;0;0;0;0;0
12;Registro;XXIII;REGISTRO;35121;VALE DO RIBEIRA;350990 Cananéia;13;1;0;13;1;0
17;Taubaté;XXXIII;TAUBATÉ;35172;CIRCUITO DA FÉ - VALE HISTÓRICO;350995 Canas;9;0;0;9;0;0
9;Marília;XIII;ASSIS;35092;ASSIS;351000 Cândido Mota;79;17;2;79;17;2
3;Araraquara;XII;ARARAQUARA;35033;NORTE DO DRS III;351010 Cândido Rodrigues;2;1;0;2;1;0
9;Marília;XIII;ASSIS;35094;OURINHOS;351015 Canitar;4;0;1;4;0;1
16;Sorocaba;XXXI;SOROCABA;35161;ITAPETININGA;351020 Capão Bonito;21;0;1;21;0;1
16;Sorocaba;XXXI;SOROCABA;35163;SOROCABA;351030 Capela do Alto;32;1;1;32;1;1
10;Piracicaba;XX;PIRACICABA;35103;PIRACICABA;351040 Capivari;208;91;1;208;91;1
17;Taubaté;XXVIII;CARAGUATATUBA;35173;LITORAL NORTE;351050 Caraguatatuba;948;93;0;948;93;0
1;São Paulo;X;OSASCO;35014;ROTA DOS BANDEIRANTES;351060 Carapicuíba;89;20;0;89;20;0
15;São José do Rio Preto;XXIX;SÃO JOSÉ DO RIO PRETO;35157;VOTUPORANGA;351070 Cardoso;15;1;0;15;1;0
14;São João da Boa Vista;XXVI;SÃO JOÃO DA BOA VISTA;35143;RIO PARDO;351080 Casa Branca;129;53;0;129;53;0
13;Riberão Preto;XXIV;RIBEIRÃO PRETO;35133;VALE DAS CACHOEIRAS;351090 Cássia dos Coqueiros;2;1;1;2;1;1
2;Araçatuba;XI;ARAÇATUBA;35022;LAGOS DO DRS II;351100 Castilho;27;5;0;27;5;0
15;São José do Rio Preto;XXIX;SÃO JOSÉ DO RIO PRETO;35151;CATANDUVA;351110 Catanduva;566;130;0;566;130;0
15;São José do Rio Preto;XXIX;SÃO JOSÉ DO RIO PRETO;35151;CATANDUVA;351120 Catiguá;16;9;0;16;9;0
15;São José do Rio Preto;XXIX;SÃO JOSÉ DO RIO PRETO;35155;SÃO JOSÉ DO RIO PRETO;351130 Cedral;53;3;0;53;3;0
6;Bauru;XVI;BOTUCATU;35061;VALE DO JURUMIRIM;351140 Cerqueira César;3;0;2;3;0;2
16;Sorocaba;XXXI;SOROCABA;35161;ITAPETININGA;351150 Cerquilho;30;1;5;30;1;5
16;Sorocaba;XXXI;SOROCABA;35161;ITAPETININGA;351160 Cesário Lange;13;0;0;13;0;0
10;Piracicaba;XX;PIRACICABA;35103;PIRACICABA;351170 Charqueada;63;4;5;63;4;5
2;Araçatuba;XI;ARAÇATUBA;35023;CONSÓRCIOS DO DRS II;351190 Clementina;0;0;0;0;0;0
5;Barretos;XIV;BARRETOS;35051;NORTE-BARRETOS;351200 Colina;290;132;1;290;132;1
5;Barretos;XIV;BARRETOS;35051;NORTE-BARRETOS;351210 Colômbia;4;2;0;4;2;0
10;Piracicaba;XX;PIRACICABA;35101;ARARAS;351220 Conchal;15;2;0;15;2;0
6;Bauru;XVI;BOTUCATU;35063;POLO CUESTA;351230 Conchas;18;2;1;18;2;1
10;Piracicaba;XX;PIRACICABA;35102;LIMEIRA;351240 Cordeirópolis;39;5;3;39;5;3
2;Araçatuba;XI;ARAÇATUBA;35023;CONSÓRCIOS DO DRS II;351250 Coroados;12;2;0;12;2;0
6;Bauru;XVI;BOTUCATU;35061;VALE DO JURUMIRIM;351260 Coronel Macedo;6;0;3;6;0;3
10;Piracicaba;XX;PIRACICABA;35104;RIO CLARO;351270 Corumbataí;1;0;0;1;0;0
7;Campinas;XVII;CAMPINAS;35072;REG METRO CAMPINAS;351280 Cosmópolis;35;14;0;35;14;0
15;São José do Rio Preto;XXIX;SÃO JOSÉ DO RIO PRETO;35157;VOTUPORANGA;351290 Cosmorama;22;4;0;22;4;0
1;São Paulo;X;OSASCO;35013;MANANCIAIS;351300 Cotia;391;173;9;391;173;9
13;Riberão Preto;XXIV;RIBEIRÃO PRETO;35132;AQUÍFERO GUARANI;351310 Cravinhos;514;75;0;514;75;0
8;Franca;XVIII;FRANCA;35081;TRÊS COLINAS;351320 Cristais Paulista;49;6;0;49;6;0
9;Marília;XIII;ASSIS;35092;ASSIS;351330 Cruzália;10;1;0;10;1;0
17;Taubaté;XXXIII;TAUBATÉ;35172;CIRCUITO DA FÉ - VALE HISTÓRICO;351340 Cruzeiro;57;17;0;57;17;0
4;Baixada Santista;XXV;SANTOS;35041;BAIXADA SANTISTA;351350 Cubatão;74;6;0;74;6;0
17;Taubaté;XXXIII;TAUBATÉ;35172;CIRCUITO DA FÉ - VALE HISTÓRICO;351360 Cunha;29;5;5;29;5;5
3;Araraquara;XII;ARARAQUARA;35034;CORAÇÃO DO DRS III;351370 Descalvado;19;2;0;19;2;0
1;São Paulo;VII;SANTO ANDRÉ;35015;GRANDE ABC;351380 Diadema;191;18;3;191;18;3
15;São José do Rio Preto;XXX;JALES;35153;JALES;351385 Dirce Reis;4;1;0;4;1;0
14;São João da Boa Vista;XXVI;SÃO JOÃO DA BOA VISTA;35143;RIO PARDO;351390 Divinolândia;1;0;0;1;0;0
3;Araraquara;XII;ARARAQUARA;35033;NORTE DO DRS III;351400 Dobrada;4;0;0;4;0;0
6;Bauru;XV;BAURU;35064;JAU;351410 Dois Córregos;764;354;0;764;354;0
15;São José do Rio Preto;XXX;JALES;35153;JALES;351420 Dolcinópolis;1;0;0;1;0;0
3;Araraquara;XII;ARARAQUARA;35034;CORAÇÃO DO DRS III;351430 Dourado;8;0;0;8;0;0
11;Presidente Prudente;XXII;PRESIDENTE VENCESLAU;35111;ALTA PAULISTA;351440 Dracena;85;10;1;85;10;1
6;Bauru;XV;BAURU;35062;BAURU;351450 Duartina;2;1;1;2;1;1
13;Riberão Preto;XXIV;RIBEIRÃO PRETO;35131;HORIZONTE VERDE;351460 Dumont;93;37;0;93;37;0
9;Marília;XIX;MARÍLIA;35093;MARÍLIA;351470 Echaporã;7;0;0;7;0;0
12;Registro;XXIII;REGISTRO;35121;VALE DO RIBEIRA;351480 Eldorado;2;1;0;2;1;0
10;Piracicaba;XX;PIRACICABA;35103;PIRACICABA;351490 Elias Fausto;22;3;3;22;3;3
15;São José do Rio Preto;XXIX;SÃO JOSÉ DO RIO PRETO;35151;CATANDUVA;351492 Elisiário;10;1;0;10;1;0
15;São José do Rio Preto;XXIX;SÃO JOSÉ DO RIO PRETO;35151;CATANDUVA;351495 Embaúba;2;2;0;2;2;0
1;São Paulo;X;OSASCO;35013;MANANCIAIS;351500 Embu;257;44;5;257;44;5
1;São Paulo;X;OSASCO;35013;MANANCIAIS;351510 Embu-Guaçu;19;10;0;19;10;0
11;Presidente Prudente;XXI;PRESIDENTE PRUDENTE;35112;ALTA SOROCABANA;351512 Emilianópolis;1;0;0;1;0;0
10;Piracicaba;XX;PIRACICABA;35102;LIMEIRA;351515 Engenheiro Coelho;39;4;0;39;4;0
14;São João da Boa Vista;XXVI;SÃO JOÃO DA BOA VISTA;35142;MANTIQUEIRA;351518 Espírito Santo do Pinhal;114;37;1;114;37;1
9;Marília;XIII;ASSIS;35094;OURINHOS;351519 Espírito Santo do Turvo;3;0;1;3;0;1
15;São José do Rio Preto;XXX;JALES;35154;FERNANDÓPOLIS;351520 Estrela d'Oeste;23;0;0;23;0;0
11;Presidente Prudente;XXI;PRESIDENTE PRUDENTE;35112;ALTA SOROCABANA;351530 Estrela do Norte;12;1;1;12;1;1
11;Presidente Prudente;XXII;PRESIDENTE VENCESLAU;35115;PONTAL DO PARANAPANEMA;351535 Euclides da Cunha Paulista;2;0;0;2;0;0
6;Bauru;XVI;BOTUCATU;35061;VALE DO JURUMIRIM;351540 Fartura;3;1;1;3;1;1
15;São José do Rio Preto;XXX;JALES;35154;FERNANDÓPOLIS;351550 Fernandópolis;68;20;0;68;20;0
15;São José do Rio Preto;XXIX;SÃO JOSÉ DO RIO PRETO;35151;CATANDUVA;351560 Fernando Prestes;7;1;0;7;1;0
9;Marília;XIX;MARÍLIA;35093;MARÍLIA;351565 Fernão;1;0;0;1;0;0
1;São Paulo;VIII;MOGI DAS CRUZES;35011;ALTO DO TIETÊ;351570 Ferraz de Vasconcelos;224;63;2;224;63;2
11;Presidente Prudente;XXII;PRESIDENTE VENCESLAU;35111;ALTA PAULISTA;351580 Flora Rica;0;0;0;0;0;0
15;São José do Rio Preto;XXIX;SÃO JOSÉ DO RIO PRETO;35157;VOTUPORANGA;351590 Floreal;3;0;0;3;0;0
9;Marília;XIX;MARÍLIA;35091;ADAMANTINA ;351600 Flórida Paulista;4;1;0;4;1;0
9;Marília;XIII;ASSIS;35092;ASSIS;351610 Florínia;9;1;1;9;1;1
8;Franca;XVIII;FRANCA;35081;TRÊS COLINAS;351620 Franca;800;445;1;800;445;1
1;São Paulo;IX;FRANCO DA ROCHA;35012;FRANCO DA ROCHA;351630 Francisco Morato;138;43;0;138;43;0
1;São Paulo;IX;FRANCO DA ROCHA;35012;FRANCO DA ROCHA;351640 Franco da Rocha;799;223;0;799;223;0
2;Araçatuba;XI;ARAÇATUBA;35023;CONSÓRCIOS DO DRS II;351650 Gabriel Monteiro;3;0;0;3;0;0
9;Marília;XIX;MARÍLIA;35093;MARÍLIA;351660 Gália;1;0;0;1;0;0
9;Marília;XIX;MARÍLIA;35093;MARÍLIA;351670 Garça;109;21;0;109;21;0
15;São José do Rio Preto;XXIX;SÃO JOSÉ DO RIO PRETO;35157;VOTUPORANGA;351680 Gastão Vidigal;3;1;0;3;1;0
3;Araraquara;XII;ARARAQUARA;35031;CENTRAL DO DRS III;351685 Gavião Peixoto;8;2;1;8;2;1
15;São José do Rio Preto;XXIX;SÃO JOSÉ DO RIO PRETO;35157;VOTUPORANGA;351690 General Salgado;16;0;0;16;0;0
6;Bauru;XV;BAURU;35065;LINS;351700 Getulina;170;85;0;170;85;0
2;Araçatuba;XI;ARAÇATUBA;35023;CONSÓRCIOS DO DRS II;351710 Glicério;10;0;1;10;0;1
6;Bauru;XV;BAURU;35065;LINS;351720 Guaiçara;24;4;1;24;4;1
9;Marília;XIX;MARÍLIA;35093;MARÍLIA;351730 Guaimbê;18;6;1;18;6;1
5;Barretos;XIV;BARRETOS;35051;NORTE-BARRETOS;351740 Guaíra;195;66;0;195;66;0
15;São José do Rio Preto;XXIX;SÃO JOSÉ DO RIO PRETO;35155;SÃO JOSÉ DO RIO PRETO;351750 Guapiaçu;93;8;0;93;8;0
16;Sorocaba;XXXII;ITAPEVA;35162;ITAPEVA;351760 Guapiara;5;0;0;5;0;0
8;Franca;XVIII;FRANCA;35083;ALTA MOGIANA;351770 Guará;21;9;0;21;9;0
2;Araçatuba;XI;ARAÇATUBA;35022;LAGOS DO DRS II;351780 Guaraçaí;3;0;0;3;0;0
5;Barretos;XIV;BARRETOS;35051;NORTE-BARRETOS;351790 Guaraci;4;0;0;4;0;0
15;São José do Rio Preto;XXX;JALES;35154;FERNANDÓPOLIS;351800 Guarani d'Oeste;1;0;0;1;0;0
9;Marília;XIX;MARÍLIA;35093;MARÍLIA;351810 Guarantã;6;1;0;6;1;0
2;Araçatuba;XI;ARAÇATUBA;35021;CENTRAL DO DRS II;351820 Guararapes;119;43;0;119;43;0
1;São Paulo;VIII;MOGI DAS CRUZES;35011;ALTO DO TIETÊ;351830 Guararema;297;48;0;297;48;0
17;Taubaté;XXXIII;TAUBATÉ;35172;CIRCUITO DA FÉ - VALE HISTÓRICO;351840 Guaratinguetá;803;447;1;803;447;1
16;Sorocaba;XXXI;SOROCABA;35161;ITAPETININGA;351850 Guareí;8;6;0;8;6;0
13;Riberão Preto;XXIV;RIBEIRÃO PRETO;35131;HORIZONTE VERDE;351860 Guariba;23;5;0;23;5;0
4;Baixada Santista;XXV;SANTOS;35041;BAIXADA SANTISTA;351870 Guarujá;297;128;3;297;128;3
1;São Paulo;VIII;MOGI DAS CRUZES;35011;ALTO DO TIETÊ;351880 Guarulhos;2.370;1.466;59;2370;1466;59
13;Riberão Preto;XXIV;RIBEIRÃO PRETO;35132;AQUÍFERO GUARANI;351885 Guatapará;5;0;0;5;0;0
2;Araçatuba;XI;ARAÇATUBA;35021;CENTRAL DO DRS II;351890 Guzolândia;4;0;0;4;0;0
9;Marília;XIX;MARÍLIA;35095;TUPÃ;351900 Herculândia;17;5;3;17;5;3
7;Campinas;XVII;CAMPINAS;35072;REG METRO CAMPINAS;351905 Holambra;64;17;1;64;17;1
7;Campinas;XVII;CAMPINAS;35072;REG METRO CAMPINAS;351907 Hortolândia;270;18;0;270;18;0
6;Bauru;XV;BAURU;35062;BAURU;351910 Iacanga;14;5;2;14;5;2
9;Marília;XIX;MARÍLIA;35095;TUPÃ;351920 Iacri;11;7;0;11;7;0
6;Bauru;XVI;BOTUCATU;35061;VALE DO JURUMIRIM;351925 Iaras;1;1;0;1;1;0
3;Araraquara;XII;ARARAQUARA;35034;CORAÇÃO DO DRS III;351930 Ibaté;26;3;0;26;3;0
15;São José do Rio Preto;XXIX;SÃO JOSÉ DO RIO PRETO;35155;SÃO JOSÉ DO RIO PRETO;351940 Ibirá;17;2;0;17;2;0
9;Marília;XIII;ASSIS;35094;OURINHOS;351950 Ibirarema;10;0;1;10;0;1
3;Araraquara;XII;ARARAQUARA;35032;CENTRO OESTE DO DRS III;351960 Ibitinga;45;3;1;45;3;1
16;Sorocaba;XXXI;SOROCABA;35163;SOROCABA;351970 Ibiúna;20;0;3;20;0;3
15;São José do Rio Preto;XXIX;SÃO JOSÉ DO RIO PRETO;35155;SÃO JOSÉ DO RIO PRETO;351980 Icém;44;16;0;44;16;0
11;Presidente Prudente;XXI;PRESIDENTE PRUDENTE;35113;ALTO CAPIVARI;351990 Iepê;13;3;0;13;3;0
6;Bauru;XV;BAURU;35064;JAU;352000 Igaraçu do Tietê;28;1;5;28;1;5
8;Franca;XVIII;FRANCA;35083;ALTA MOGIANA;352010 Igarapava;1;0;0;1;0;0
17;Taubaté;XXVII;SÃO JOSÉ DOS CAMPOS;35171;ALTO VALE DO PARAÍBA;352020 Igaratá;9;0;3;9;0;3
12;Registro;XXIII;REGISTRO;35121;VALE DO RIBEIRA;352030 Iguape;164;24;0;164;24;0
17;Taubaté;XXVIII;CARAGUATATUBA;35173;LITORAL NORTE;352040 Ilhabela;132;69;1;132;69;1
12;Registro;XXIII;REGISTRO;35121;VALE DO RIBEIRA;352042 Ilha Comprida;19;7;0;19;7;0
2;Araçatuba;XI;ARAÇATUBA;35022;LAGOS DO DRS II;352044 Ilha Solteira;15;2;0;15;2;0
7;Campinas;XVII;CAMPINAS;35072;REG METRO CAMPINAS;352050 Indaiatuba;247;34;17;247;34;17
11;Presidente Prudente;XXI;PRESIDENTE PRUDENTE;35112;ALTA SOROCABANA;352060 Indiana;10;0;1;10;0;1
15;São José do Rio Preto;XXX;JALES;35154;FERNANDÓPOLIS;352070 Indiaporã;0;0;0;0;0;0
9;Marília;XIX;MARÍLIA;35091;ADAMANTINA ;352080 Inúbia Paulista;5;0;0;5;0;0
9;Marília;XIII;ASSIS;35094;OURINHOS;352090 Ipauçu;10;1;3;10;1;3
16;Sorocaba;XXXI;SOROCABA;35163;SOROCABA;352100 Iperó;63;3;3;63;3;3
10;Piracicaba;XX;PIRACICABA;35104;RIO CLARO;352110 Ipeúna;10;0;1;10;0;1
15;São José do Rio Preto;XXIX;SÃO JOSÉ DO RIO PRETO;35155;SÃO JOSÉ DO RIO PRETO;352115 Ipiguá;32;3;0;32;3;0
12;Registro;XXIII;REGISTRO;35121;VALE DO RIBEIRA;352120 Iporanga;2;1;0;2;1;0
8;Franca;XVIII;FRANCA;35082;ALTA ANHANGUERA;352130 Ipuã;14;0;0;14;0;0
10;Piracicaba;XX;PIRACICABA;35102;LIMEIRA;352140 Iracemápolis;54;21;2;54;21;2
15;São José do Rio Preto;XXIX;SÃO JOSÉ DO RIO PRETO;35151;CATANDUVA;352150 Irapuã;58;15;0;58;15;0
11;Presidente Prudente;XXII;PRESIDENTE VENCESLAU;35111;ALTA PAULISTA;352160 Irapuru;15;7;0;15;7;0
16;Sorocaba;XXXII;ITAPEVA;35162;ITAPEVA;352170 Itaberá;1;0;0;1;0;0
6;Bauru;XVI;BOTUCATU;35061;VALE DO JURUMIRIM;352180 Itaí;9;1;2;9;1;2
15;São José do Rio Preto;XXIX;SÃO JOSÉ DO RIO PRETO;35151;CATANDUVA;352190 Itajobi;34;0;0;34;0;0
6;Bauru;XV;BAURU;35064;JAU;352200 Itaju;35;30;0;35;30;0
4;Baixada Santista;XXV;SANTOS;35041;BAIXADA SANTISTA;352210 Itanhaém;70;19;0;70;19;0
16;Sorocaba;XXXII;ITAPEVA;35162;ITAPEVA;352215 Itaóca;0;0;0;0;0;0
1;São Paulo;X;OSASCO;35013;MANANCIAIS;352220 Itapecerica da Serra;47;9;1;47;9;1
16;Sorocaba;XXXI;SOROCABA;35161;ITAPETININGA;352230 Itapetininga;605;151;7;605;151;7
16;Sorocaba;XXXII;ITAPEVA;35162;ITAPEVA;352240 Itapeva;29;0;1;29;0;1
1;São Paulo;X;OSASCO;35014;ROTA DOS BANDEIRANTES;352250 Itapevi;25;3;4;25;3;4
14;São João da Boa Vista;XXVI;SÃO JOÃO DA BOA VISTA;35141;BAIXA MOGIANA;352260 Itapira;97;26;2;97;26;2
16;Sorocaba;XXXII;ITAPEVA;35162;ITAPEVA;352265 Itapirapuã Paulista;0;0;0;0;0;0
3;Araraquara;XII;ARARAQUARA;35032;CENTRO OESTE DO DRS III;352270 Itápolis;57;13;1;57;13;1
6;Bauru;XVI;BOTUCATU;35061;VALE DO JURUMIRIM;352280 Itaporanga;7;1;0;7;1;0
6;Bauru;XV;BAURU;35064;JAU;352290 Itapuí;17;0;1;17;0;1
2;Araçatuba;XI;ARAÇATUBA;35022;LAGOS DO DRS II;352300 Itapura;1;0;0;1;0;0
1;São Paulo;VIII;MOGI DAS CRUZES;35011;ALTO DO TIETÊ;352310 Itaquaquecetuba;351;144;5;351;144;5
16;Sorocaba;XXXII;ITAPEVA;35162;ITAPEVA;352320 Itararé;4;2;0;4;2;0
12;Registro;XXIII;REGISTRO;35121;VALE DO RIBEIRA;352330 Itariri;1;0;0;1;0;0
7;Campinas;XVII;CAMPINAS;35072;REG METRO CAMPINAS;352340 Itatiba;347;175;30;347;175;30
6;Bauru;XVI;BOTUCATU;35063;POLO CUESTA;352350 Itatinga;7;2;0;7;2;0
10;Piracicaba;XX;PIRACICABA;35104;RIO CLARO;352360 Itirapina;6;0;1;6;0;1
8;Franca;XVIII;FRANCA;35081;TRÊS COLINAS;352370 Itirapuã;7;5;0;7;5;0
14;São João da Boa Vista;XXVI;SÃO JOÃO DA BOA VISTA;35143;RIO PARDO;352380 Itobi;8;1;1;8;1;1
16;Sorocaba;XXXI;SOROCABA;35163;SOROCABA;352390 Itu;1.698;853;1;1698;853;1
7;Campinas;XVII;CAMPINAS;35073;JUNDIAÍ;352400 Itupeva;13;10;1;13;10;1
8;Franca;XVIII;FRANCA;35083;ALTA MOGIANA;352410 Ituverava;50;10;0;50;10;0
5;Barretos;XIV;BARRETOS;35051;NORTE-BARRETOS;352420 Jaborandi;9;6;0;9;6;0
13;Riberão Preto;XXIV;RIBEIRÃO PRETO;35131;HORIZONTE VERDE;352430 Jaboticabal;84;22;0;84;22;0
17;Taubaté;XXVII;SÃO JOSÉ DOS CAMPOS;35171;ALTO VALE DO PARAÍBA;352440 Jacareí;3.145;1.691;8;3145;1691;8
15;São José do Rio Preto;XXIX;SÃO JOSÉ DO RIO PRETO;35156;JOSÉ BONIFÁCIO;352450 Jaci;8;1;0;8;1;0
12;Registro;XXIII;REGISTRO;35121;VALE DO RIBEIRA;352460 Jacupiranga;0;0;0;0;0;0
7;Campinas;XVII;CAMPINAS;35072;REG METRO CAMPINAS;352470 Jaguariúna;330;53;0;330;53;0
15;São José do Rio Preto;XXX;JALES;35153;JALES;352480 Jales;25;4;0;25;4;0
17;Taubaté;XXVII;SÃO JOSÉ DOS CAMPOS;35171;ALTO VALE DO PARAÍBA;352490 Jambeiro;14;3;2;14;3;2
1;São Paulo;X;OSASCO;35014;ROTA DOS BANDEIRANTES;352500 Jandira;40;4;0;40;4;0
13;Riberão Preto;XXIV;RIBEIRÃO PRETO;35132;AQUÍFERO GUARANI;352510 Jardinópolis;497;132;1;497;132;1
7;Campinas;XVII;CAMPINAS;35073;JUNDIAÍ;352520 Jarinu;17;4;2;17;4;2
6;Bauru;XV;BAURU;35064;JAU;352530 Jaú;449;72;0;449;72;0
8;Franca;XVIII;FRANCA;35081;TRÊS COLINAS;352540 Jeriquara;7;1;0;7;1;0
7;Campinas;XVII;CAMPINAS;35071;BRAGANÇA;352550 Joanópolis;23;5;0;23;5;0
11;Presidente Prudente;XXI;PRESIDENTE PRUDENTE;35113;ALTO CAPIVARI;352560 João Ramalho;2;0;1;2;0;1
15;São José do Rio Preto;XXIX;SÃO JOSÉ DO RIO PRETO;35156;JOSÉ BONIFÁCIO;352570 José Bonifácio;36;5;0;36;5;0
9;Marília;XIX;MARÍLIA;35093;MARÍLIA;352580 Júlio Mesquita;1;1;0;1;1;0
16;Sorocaba;XXXI;SOROCABA;35163;SOROCABA;352585 Jumirim;3;0;1;3;0;1
7;Campinas;XVII;CAMPINAS;35073;JUNDIAÍ;352590 Jundiaí;369;262;59;369;262;59
11;Presidente Prudente;XXII;PRESIDENTE VENCESLAU;35111;ALTA PAULISTA;352600 Junqueirópolis;12;1;1;12;1;1
12;Registro;XXIII;REGISTRO;35121;VALE DO RIBEIRA;352610 Juquiá;2;1;0;2;1;0
1;São Paulo;X;OSASCO;35013;MANANCIAIS;352620 Juquitiba;5;3;2;5;3;2
17;Taubaté;XXXIII;TAUBATÉ;35174;V. PARAÍBA-REG. SERRANA;352630 Lagoinha;2;0;0;2;0;0
6;Bauru;XVI;BOTUCATU;35063;POLO CUESTA;352640 Laranjal Paulista;17;1;3;17;1;3
2;Araçatuba;XI;ARAÇATUBA;35022;LAGOS DO DRS II;352650 Lavínia;5;0;0;5;0;0
17;Taubaté;XXXIII;TAUBATÉ;35172;CIRCUITO DA FÉ - VALE HISTÓRICO;352660 Lavrinhas;6;0;2;6;0;2
10;Piracicaba;XX;PIRACICABA;35101;ARARAS;352670 Leme;110;65;0;110;65;0
6;Bauru;XV;BAURU;35062;BAURU;352680 Lençóis Paulista;183;57;5;183;57;5
10;Piracicaba;XX;PIRACICABA;35102;LIMEIRA;352690 Limeira;739;145;3;739;145;3
7;Campinas;XVII;CAMPINAS;35074;CIRCUITO DAS AGUAS;352700 Lindóia;6;0;0;6;0;0
6;Bauru;XV;BAURU;35065;LINS;352710 Lins;132;33;0;132;33;0
17;Taubaté;XXXIII;TAUBATÉ;35172;CIRCUITO DA FÉ - VALE HISTÓRICO;352720 Lorena;313;132;0;313;132;0
2;Araçatuba;XI;ARAÇATUBA;35023;CONSÓRCIOS DO DRS II;352725 Lourdes;6;0;0;6;0;0
7;Campinas;XVII;CAMPINAS;35073;JUNDIAÍ;352730 Louveira;34;13;4;34;13;4
9;Marília;XIX;MARÍLIA;35091;ADAMANTINA ;352740 Lucélia;23;3;1;23;3;1
6;Bauru;XV;BAURU;35062;BAURU;352750 Lucianópolis;3;3;0;3;3;0
13;Riberão Preto;XXIV;RIBEIRÃO PRETO;35132;AQUÍFERO GUARANI;352760 Luís Antônio;8;1;0;8;1;0
2;Araçatuba;XI;ARAÇATUBA;35023;CONSÓRCIOS DO DRS II;352770 Luiziânia;0;0;0;0;0;0
9;Marília;XIX;MARÍLIA;35093;MARÍLIA;352780 Lupércio;5;2;0;5;2;0
9;Marília;XIII;ASSIS;35092;ASSIS;352790 Lutécia;1;0;0;1;0;0
6;Bauru;XV;BAURU;35062;BAURU;352800 Macatuba;22;15;2;22;15;2
15;São José do Rio Preto;XXIX;SÃO JOSÉ DO RIO PRETO;35157;VOTUPORANGA;352810 Macaubal;9;0;1;9;0;1
15;São José do Rio Preto;XXX;JALES;35154;FERNANDÓPOLIS;352820 Macedônia;2;0;0;2;0;0
15;São José do Rio Preto;XXIX;SÃO JOSÉ DO RIO PRETO;35157;VOTUPORANGA;352830 Magda;0;0;0;0;0;0
16;Sorocaba;XXXI;SOROCABA;35163;SOROCABA;352840 Mairinque;18;3;0;18;3;0
1;São Paulo;IX;FRANCO DA ROCHA;35012;FRANCO DA ROCHA;352850 Mairiporã;310;29;1;310;29;1
6;Bauru;XVI;BOTUCATU;35061;VALE DO JURUMIRIM;352860 Manduri;86;28;1;86;28;1
11;Presidente Prudente;XXII;PRESIDENTE VENCESLAU;35114;EXTREMO OESTE PAULISTA;352870 Marabá Paulista;6;1;1;6;1;1
9;Marília;XIII;ASSIS;35092;ASSIS;352880 Maracaí;9;0;2;9;0;2
15;São José do Rio Preto;XXIX;SÃO JOSÉ DO RIO PRETO;35151;CATANDUVA;352885 Marapoama;3;0;0;3;0;0
9;Marília;XIX;MARÍLIA;35091;ADAMANTINA ;352890 Mariápolis;6;0;0;6;0;0
9;Marília;XIX;MARÍLIA;35093;MARÍLIA;352900 Marília;2.167;849;3;2167;849;3
15;São José do Rio Preto;XXX;JALES;35153;JALES;352910 Marinópolis;13;6;0;13;6;0
11;Presidente Prudente;XXI;PRESIDENTE PRUDENTE;35112;ALTA SOROCABANA;352920 Martinópolis;10;0;0;10;0;0
3;Araraquara;XII;ARARAQUARA;35033;NORTE DO DRS III;352930 Matão;83;22;2;83;22;2
1;São Paulo;VII;SANTO ANDRÉ;35015;GRANDE ABC;352940 Mauá;371;75;24;371;75;24
15;São José do Rio Preto;XXIX;SÃO JOSÉ DO RIO PRETO;35156;JOSÉ BONIFÁCIO;352950 Mendonça;19;2;1;19;2;1
15;São José do Rio Preto;XXX;JALES;35154;FERNANDÓPOLIS;352960 Meridiano;3;0;0;3;0;0
15;São José do Rio Preto;XXX;JALES;35153;JALES;352965 Mesópolis;0;0;0;0;0;0
8;Franca;XVIII;FRANCA;35083;ALTA MOGIANA;352970 Miguelópolis;3;2;0;3;2;0
6;Bauru;XV;BAURU;35064;JAU;352980 Mineiros do Tietê;67;42;3;67;42;3
12;Registro;XXIII;REGISTRO;35121;VALE DO RIBEIRA;352990 Miracatu;15;1;0;15;1;0
15;São José do Rio Preto;XXX;JALES;35154;FERNANDÓPOLIS;353000 Mira Estrela;3;0;0;3;0;0
2;Araçatuba;XI;ARAÇATUBA;35022;LAGOS DO DRS II;353010 Mirandópolis;54;42;0;54;42;0
11;Presidente Prudente;XXII;PRESIDENTE VENCESLAU;35115;PONTAL DO PARANAPANEMA;353020 Mirante do Paranapanema;12;0;0;12;0;0
15;São José do Rio Preto;XXIX;SÃO JOSÉ DO RIO PRETO;35155;SÃO JOSÉ DO RIO PRETO;353030 Mirassol;91;14;0;91;14;0
15;São José do Rio Preto;XXIX;SÃO JOSÉ DO RIO PRETO;35155;SÃO JOSÉ DO RIO PRETO;353040 Mirassolândia;3;0;0;3;0;0
14;São João da Boa Vista;XXVI;SÃO JOÃO DA BOA VISTA;35143;RIO PARDO;353050 Mococa;191;117;0;191;117;0
1;São Paulo;VIII;MOGI DAS CRUZES;35011;ALTO DO TIETÊ;353060 Moji das Cruzes;303;54;42;303;54;42
14;São João da Boa Vista;XXVI;SÃO JOÃO DA BOA VISTA;35141;BAIXA MOGIANA;353070 Moji-Guaçu;256;39;1;256;39;1
14;São João da Boa Vista;XXVI;SÃO JOÃO DA BOA VISTA;35141;BAIXA MOGIANA;353080 Moji-Mirim;132;25;0;132;25;0
10;Piracicaba;XX;PIRACICABA;35103;PIRACICABA;353090 Mombuca;2;1;0;2;1;0
15;São José do Rio Preto;XXIX;SÃO JOSÉ DO RIO PRETO;35157;VOTUPORANGA;353100 Monções;2;1;0;2;1;0
4;Baixada Santista;XXV;SANTOS;35041;BAIXADA SANTISTA;353110 Mongaguá;23;5;0;23;5;0
7;Campinas;XVII;CAMPINAS;35074;CIRCUITO DAS AGUAS;353120 Monte Alegre do Sul;1;1;0;1;1;0
13;Riberão Preto;XXIV;RIBEIRÃO PRETO;35131;HORIZONTE VERDE;353130 Monte Alto;96;56;0;96;56;0
15;São José do Rio Preto;XXIX;SÃO JOSÉ DO RIO PRETO;35156;JOSÉ BONIFÁCIO;353140 Monte Aprazível;16;1;0;16;1;0
5;Barretos;XIV;BARRETOS;35052;SUL-BARRETOS;353150 Monte Azul Paulista;309;259;7;309;259;7
11;Presidente Prudente;XXII;PRESIDENTE VENCESLAU;35111;ALTA PAULISTA;353160 Monte Castelo;8;1;0;8;1;0
17;Taubaté;XXVII;SÃO JOSÉ DOS CAMPOS;35171;ALTO VALE DO PARAÍBA;353170 Monteiro Lobato;2;1;0;2;1;0
7;Campinas;XVII;CAMPINAS;35072;REG METRO CAMPINAS;353180 Monte Mor;35;13;1;35;13;1
8;Franca;XVIII;FRANCA;35082;ALTA ANHANGUERA;353190 Morro Agudo;78;5;0;78;5;0
7;Campinas;XVII;CAMPINAS;35072;REG METRO CAMPINAS;353200 Morungaba;25;9;0;25;9;0
3;Araraquara;XII;ARARAQUARA;35031;CENTRAL DO DRS III;353205 Motuca;2;1;0;2;1;0
2;Araçatuba;XI;ARAÇATUBA;35022;LAGOS DO DRS II;353210 Murutinga do Sul;1;0;0;1;0;0
11;Presidente Prudente;XXI;PRESIDENTE PRUDENTE;35113;ALTO CAPIVARI;353215 Nantes;6;0;0;6;0;0
11;Presidente Prudente;XXI;PRESIDENTE PRUDENTE;35112;ALTA SOROCABANA;353220 Narandiba;9;0;0;9;0;0
17;Taubaté;XXXIII;TAUBATÉ;35174;V. PARAÍBA-REG. SERRANA;353230 Natividade da Serra;6;0;0;6;0;0
7;Campinas;XVII;CAMPINAS;35071;BRAGANÇA;353240 Nazaré Paulista;7;0;0;7;0;0
15;São José do Rio Preto;XXIX;SÃO JOSÉ DO RIO PRETO;35155;SÃO JOSÉ DO RIO PRETO;353250 Neves Paulista;75;4;0;75;4;0
15;São José do Rio Preto;XXIX;SÃO JOSÉ DO RIO PRETO;35157;VOTUPORANGA;353260 Nhandeara;3;0;0;3;0;0
15;São José do Rio Preto;XXIX;SÃO JOSÉ DO RIO PRETO;35156;JOSÉ BONIFÁCIO;353270 Nipoã;3;1;0;3;1;0
15;São José do Rio Preto;XXIX;SÃO JOSÉ DO RIO PRETO;35155;SÃO JOSÉ DO RIO PRETO;353280 Nova Aliança;21;0;0;21;0;0
16;Sorocaba;XXXII;ITAPEVA;35162;ITAPEVA;353282 Nova Campina;3;0;0;3;0;0
15;São José do Rio Preto;XXX;JALES;35152;SANTA FÉ DO SUL;353284 Nova Canaã Paulista;1;0;0;1;0;0
2;Araçatuba;XI;ARAÇATUBA;35021;CENTRAL DO DRS II;353286 Nova Castilho;0;0;0;0;0;0
3;Araraquara;XII;ARARAQUARA;35032;CENTRO OESTE DO DRS III;353290 Nova Europa;9;1;0;9;1;0
15;São José do Rio Preto;XXIX;SÃO JOSÉ DO RIO PRETO;35155;SÃO JOSÉ DO RIO PRETO;353300 Nova Granada;78;4;0;78;4;0
11;Presidente Prudente;XXII;PRESIDENTE VENCESLAU;35111;ALTA PAULISTA;353310 Nova Guataporanga;2;0;0;2;0;0
2;Araçatuba;XI;ARAÇATUBA;35022;LAGOS DO DRS II;353320 Nova Independência;18;1;2;18;1;2
15;São José do Rio Preto;XXIX;SÃO JOSÉ DO RIO PRETO;35151;CATANDUVA;353325 Novais;8;2;0;8;2;0
2;Araçatuba;XI;ARAÇATUBA;35021;CENTRAL DO DRS II;353330 Nova Luzitânia;1;0;0;1;0;0
7;Campinas;XVII;CAMPINAS;35072;REG METRO CAMPINAS;353340 Nova Odessa;86;36;7;86;36;7
15;São José do Rio Preto;XXIX;SÃO JOSÉ DO RIO PRETO;35151;CATANDUVA;353350 Novo Horizonte;127;16;0;127;16;0
8;Franca;XVIII;FRANCA;35082;ALTA ANHANGUERA;353360 Nuporanga;25;1;0;25;1;0
9;Marília;XIX;MARÍLIA;35093;MARÍLIA;353370 Ocauçu;24;6;0;24;6;0
9;Marília;XIII;ASSIS;35094;OURINHOS;353380 Óleo;2;0;1;2;0;1
5;Barretos;XIV;BARRETOS;35051;NORTE-BARRETOS;353390 Olímpia;646;185;1;646;185;1
15;São José do Rio Preto;XXIX;SÃO JOSÉ DO RIO PRETO;35155;SÃO JOSÉ DO RIO PRETO;353400 Onda Verde;44;13;0;44;13;0
9;Marília;XIX;MARÍLIA;35093;MARÍLIA;353410 Oriente;12;6;0;12;6;0
15;São José do Rio Preto;XXIX;SÃO JOSÉ DO RIO PRETO;35155;SÃO JOSÉ DO RIO PRETO;353420 Orindiúva;38;3;0;38;3;0
8;Franca;XVIII;FRANCA;35082;ALTA ANHANGUERA;353430 Orlândia;73;6;0;73;6;0
1;São Paulo;X;OSASCO;35014;ROTA DOS BANDEIRANTES;353440 Osasco;675;325;3;675;325;3
9;Marília;XIX;MARÍLIA;35093;MARÍLIA;353450 Oscar Bressane;7;2;0;7;2;0
9;Marília;XIX;MARÍLIA;35091;ADAMANTINA ;353460 Osvaldo Cruz;24;11;0;24;11;0
9;Marília;XIII;ASSIS;35094;OURINHOS;353470 Ourinhos;141;78;2;141;78;2
15;São José do Rio Preto;XXX;JALES;35154;FERNANDÓPOLIS;353475 Ouroeste;20;0;0;20;0;0
11;Presidente Prudente;XXII;PRESIDENTE VENCESLAU;35111;ALTA PAULISTA;353480 Ouro Verde;10;0;0;10;0;0
9;Marília;XIX;MARÍLIA;35091;ADAMANTINA ;353490 Pacaembu;4;2;0;4;2;0
15;São José do Rio Preto;XXIX;SÃO JOSÉ DO RIO PRETO;35155;SÃO JOSÉ DO RIO PRETO;353500 Palestina;82;1;0;82;1;0
15;São José do Rio Preto;XXIX;SÃO JOSÉ DO RIO PRETO;35151;CATANDUVA;353510 Palmares Paulista;493;160;0;493;160;0
15;São José do Rio Preto;XXX;JALES;35153;JALES;353520 Palmeira d'Oeste;14;3;1;14;3;1
9;Marília;XIII;ASSIS;35092;ASSIS;353530 Palmital;40;4;0;40;4;0
11;Presidente Prudente;XXII;PRESIDENTE VENCESLAU;35111;ALTA PAULISTA;353540 Panorama;25;2;1;25;2;1
9;Marília;XIII;ASSIS;35092;ASSIS;353550 Paraguaçu Paulista;81;7;2;81;7;2
17;Taubaté;XXVII;SÃO JOSÉ DOS CAMPOS;35171;ALTO VALE DO PARAÍBA;353560 Paraibuna;35;2;0;35;2;0
15;São José do Rio Preto;XXIX;SÃO JOSÉ DO RIO PRETO;35151;CATANDUVA;353570 Paraíso;183;36;0;183;36;0
6;Bauru;XVI;BOTUCATU;35061;VALE DO JURUMIRIM;353580 Paranapanema;3;1;0;3;1;0
15;São José do Rio Preto;XXX;JALES;35153;JALES;353590 Paranapuã;8;2;0;8;2;0
9;Marília;XIX;MARÍLIA;35095;TUPÃ;353600 Parapuã;37;4;1;37;4;1
6;Bauru;XVI;BOTUCATU;35063;POLO CUESTA;353610 Pardinho;6;2;0;6;2;0
12;Registro;XXIII;REGISTRO;35121;VALE DO RIBEIRA;353620 Pariquera-Açu;6;0;0;6;0;0
15;São José do Rio Preto;XXIX;SÃO JOSÉ DO RIO PRETO;35157;VOTUPORANGA;353625 Parisi;13;3;2;13;3;2
8;Franca;XVIII;FRANCA;35081;TRÊS COLINAS;353630 Patrocínio Paulista;7;1;0;7;1;0
11;Presidente Prudente;XXII;PRESIDENTE VENCESLAU;35111;ALTA PAULISTA;353640 Paulicéia;5;1;0;5;1;0
7;Campinas;XVII;CAMPINAS;35072;REG METRO CAMPINAS;353650 Paulínia;423;194;21;423;194;21
6;Bauru;XV;BAURU;35062;BAURU;353657 Paulistânia;0;0;0;0;0;0
15;São José do Rio Preto;XXIX;SÃO JOSÉ DO RIO PRETO;35155;SÃO JOSÉ DO RIO PRETO;353660 Paulo de Faria;125;28;0;125;28;0
6;Bauru;XV;BAURU;35062;BAURU;353670 Pederneiras;1.313;899;0;1313;899;0
7;Campinas;XVII;CAMPINAS;35071;BRAGANÇA;353680 Pedra Bela;4;0;0;4;0;0
15;São José do Rio Preto;XXX;JALES;35154;FERNANDÓPOLIS;353690 Pedranópolis;0;0;0;0;0;0
8;Franca;XVIII;FRANCA;35081;TRÊS COLINAS;353700 Pedregulho;277;67;0;277;67;0
7;Campinas;XVII;CAMPINAS;35072;REG METRO CAMPINAS;353710 Pedreira;37;7;1;37;7;1
9;Marília;XIII;ASSIS;35092;ASSIS;353715 Pedrinhas Paulista;14;0;1;14;0;1
12;Registro;XXIII;REGISTRO;35121;VALE DO RIBEIRA;353720 Pedro de Toledo;0;0;0;0;0;0
2;Araçatuba;XI;ARAÇATUBA;35023;CONSÓRCIOS DO DRS II;353730 Penápolis;17;0;0;17;0;0
2;Araçatuba;XI;ARAÇATUBA;35022;LAGOS DO DRS II;353740 Pereira Barreto;15;1;0;15;1;0
6;Bauru;XVI;BOTUCATU;35063;POLO CUESTA;353750 Pereiras;2;0;0;2;0;0
4;Baixada Santista;XXV;SANTOS;35041;BAIXADA SANTISTA;353760 Peruíbe;90;12;0;90;12;0
2;Araçatuba;XI;ARAÇATUBA;35023;CONSÓRCIOS DO DRS II;353770 Piacatu;2;1;0;2;1;0
16;Sorocaba;XXXI;SOROCABA;35163;SOROCABA;353780 Piedade;19;3;1;19;3;1
16;Sorocaba;XXXI;SOROCABA;35163;SOROCABA;353790 Pilar do Sul;10;3;1;10;3;1
17;Taubaté;XXXIII;TAUBATÉ;35174;V. PARAÍBA-REG. SERRANA;353800 Pindamonhangaba;2.592;2.496;1;2592;2496;1
15;São José do Rio Preto;XXIX;SÃO JOSÉ DO RIO PRETO;35151;CATANDUVA;353810 Pindorama;91;26;0;91;26;0
7;Campinas;XVII;CAMPINAS;35071;BRAGANÇA;353820 Pinhalzinho;16;1;0;16;1;0
11;Presidente Prudente;XXII;PRESIDENTE VENCESLAU;35114;EXTREMO OESTE PAULISTA;353830 Piquerobi;2;0;0;2;0;0
17;Taubaté;XXXIII;TAUBATÉ;35172;CIRCUITO DA FÉ - VALE HISTÓRICO;353850 Piquete;51;10;0;51;10;0
7;Campinas;XVII;CAMPINAS;35071;BRAGANÇA;353860 Piracaia;20;0;0;20;0;0
10;Piracicaba;XX;PIRACICABA;35103;PIRACICABA;353870 Piracicaba;2.605;967;0;2605;967;0
6;Bauru;XVI;BOTUCATU;35061;VALE DO JURUMIRIM;353880 Piraju;30;12;3;30;12;3
6;Bauru;XV;BAURU;35062;BAURU;353890 Pirajuí;16;2;1;16;2;1
15;São José do Rio Preto;XXIX;SÃO JOSÉ DO RIO PRETO;35151;CATANDUVA;353900 Pirangi;53;14;0;53;14;0
1;São Paulo;X;OSASCO;35014;ROTA DOS BANDEIRANTES;353910 Pirapora do Bom Jesus;6;0;0;6;0;0
11;Presidente Prudente;XXI;PRESIDENTE PRUDENTE;35112;ALTA SOROCABANA;353920 Pirapozinho;35;4;0;35;4;0
10;Piracicaba;XX;PIRACICABA;35101;ARARAS;353930 Pirassununga;308;143;2;308;143;2
6;Bauru;XV;BAURU;35062;BAURU;353940 Piratininga;6;0;0;6;0;0
13;Riberão Preto;XXIV;RIBEIRÃO PRETO;35131;HORIZONTE VERDE;353950 Pitangueiras;84;12;0;84;12;0
15;São José do Rio Preto;XXIX;SÃO JOSÉ DO RIO PRETO;35156;JOSÉ BONIFÁCIO;353960 Planalto;18;5;0;18;5;0
9;Marília;XIII;ASSIS;35092;ASSIS;353970 Platina;9;6;2;9;6;2
1;São Paulo;VIII;MOGI DAS CRUZES;35011;ALTO DO TIETÊ;353980 Poá;192;57;3;192;57;3
15;São José do Rio Preto;XXIX;SÃO JOSÉ DO RIO PRETO;35156;JOSÉ BONIFÁCIO;353990 Poloni;13;3;1;13;3;1
9;Marília;XIX;MARÍLIA;35093;MARÍLIA;354000 Pompéia;12;10;0;12;10;0
6;Bauru;XV;BAURU;35065;LINS;354010 Pongaí;59;44;0;59;44;0
13;Riberão Preto;XXIV;RIBEIRÃO PRETO;35131;HORIZONTE VERDE;354020 Pontal;158;32;0;158;32;0
15;São José do Rio Preto;XXX;JALES;35153;JALES;354025 Pontalinda;1;0;0;1;0;0
15;São José do Rio Preto;XXIX;SÃO JOSÉ DO RIO PRETO;35157;VOTUPORANGA;354030 Pontes Gestal;6;0;0;6;0;0
15;São José do Rio Preto;XXX;JALES;35154;FERNANDÓPOLIS;354040 Populina;6;3;1;6;3;1
6;Bauru;XVI;BOTUCATU;35063;POLO CUESTA;354050 Porangaba;5;0;0;5;0;0
16;Sorocaba;XXXI;SOROCABA;35163;SOROCABA;354060 Porto Feliz;138;17;0;138;17;0
3;Araraquara;XII;ARARAQUARA;35034;CORAÇÃO DO DRS III;354070 Porto Ferreira;72;16;1;72;16;1
17;Taubaté;XXXIII;TAUBATÉ;35172;CIRCUITO DA FÉ - VALE HISTÓRICO;354075 Potim;85;36;2;85;36;2
15;São José do Rio Preto;XXIX;SÃO JOSÉ DO RIO PRETO;35155;SÃO JOSÉ DO RIO PRETO;354080 Potirendaba;17;4;0;17;4;0
9;Marília;XIX;MARÍLIA;35091;ADAMANTINA ;354085 Pracinha;0;0;0;0;0;0
13;Riberão Preto;XXIV;RIBEIRÃO PRETO;35131;HORIZONTE VERDE;354090 Pradópolis;16;5;2;16;5;2
4;Baixada Santista;XXV;SANTOS;35041;BAIXADA SANTISTA;354100 Praia Grande;84;25;1;84;25;1
6;Bauru;XVI;BOTUCATU;35063;POLO CUESTA;354105 Pratânia;7;0;1;7;0;1
6;Bauru;XV;BAURU;35062;BAURU;354110 Presidente Alves;2;0;0;2;0;0
11;Presidente Prudente;XXI;PRESIDENTE PRUDENTE;35112;ALTA SOROCABANA;354120 Presidente Bernardes;7;0;0;7;0;0
11;Presidente Prudente;XXII;PRESIDENTE VENCESLAU;35114;EXTREMO OESTE PAULISTA;354130 Presidente Epitácio;2;0;0;2;0;0
11;Presidente Prudente;XXI;PRESIDENTE PRUDENTE;35112;ALTA SOROCABANA;354140 Presidente Prudente;831;10;2;831;10;2
11;Presidente Prudente;XXII;PRESIDENTE VENCESLAU;35114;EXTREMO OESTE PAULISTA;354150 Presidente Venceslau;22;3;3;22;3;3
6;Bauru;XV;BAURU;35065;LINS;354160 Promissão;23;6;0;23;6;0
16;Sorocaba;XXXI;SOROCABA;35161;ITAPETININGA;354165 Quadra;1;0;1;1;0;1
11;Presidente Prudente;XXI;PRESIDENTE PRUDENTE;35113;ALTO CAPIVARI;354170 Quatá;6;0;1;6;0;1
9;Marília;XIX;MARÍLIA;35095;TUPÃ;354180 Queiroz;1;0;0;1;0;0
17;Taubaté;XXXIII;TAUBATÉ;35172;CIRCUITO DA FÉ - VALE HISTÓRICO;354190 Queluz;10;1;3;10;1;3
9;Marília;XIX;MARÍLIA;35093;MARÍLIA;354200 Quintana;16;2;0;16;2;0
10;Piracicaba;XX;PIRACICABA;35103;PIRACICABA;354210 Rafard;33;15;0;33;15;0
11;Presidente Prudente;XXI;PRESIDENTE PRUDENTE;35113;ALTO CAPIVARI;354220 Rancharia;25;2;0;25;2;0
17;Taubaté;XXXIII;TAUBATÉ;35174;V. PARAÍBA-REG. SERRANA;354230 Redenção da Serra;3;0;0;3;0;0
11;Presidente Prudente;XXI;PRESIDENTE PRUDENTE;35112;ALTA SOROCABANA;354240 Regente Feijó;32;0;0;32;0;0
6;Bauru;XV;BAURU;35062;BAURU;354250 Reginópolis;53;19;1;53;19;1
12;Registro;XXIII;REGISTRO;35121;VALE DO RIBEIRA;354260 Registro;152;1;0;152;1;0
8;Franca;XVIII;FRANCA;35081;TRÊS COLINAS;354270 Restinga;65;58;0;65;58;0
16;Sorocaba;XXXII;ITAPEVA;35162;ITAPEVA;354280 Ribeira;0;0;0;0;0;0
3;Araraquara;XII;ARARAQUARA;35034;CORAÇÃO DO DRS III;354290 Ribeirão Bonito;12;5;1;12;5;1
16;Sorocaba;XXXII;ITAPEVA;35162;ITAPEVA;354300 Ribeirão Branco;0;0;0;0;0;0
8;Franca;XVIII;FRANCA;35081;TRÊS COLINAS;354310 Ribeirão Corrente;66;11;0;66;11;0
9;Marília;XIII;ASSIS;35094;OURINHOS;354320 Ribeirão do Sul;12;2;0;12;2;0
11;Presidente Prudente;XXI;PRESIDENTE PRUDENTE;35112;ALTA SOROCABANA;354323 Ribeirão dos Índios;0;0;0;0;0;0
16;Sorocaba;XXXI;SOROCABA;35161;ITAPETININGA;354325 Ribeirão Grande;3;0;0;3;0;0
1;São Paulo;VII;SANTO ANDRÉ;35015;GRANDE ABC;354330 Ribeirão Pires;74;4;8;74;4;8
13;Riberão Preto;XXIV;RIBEIRÃO PRETO;35132;AQUÍFERO GUARANI;354340 Ribeirão Preto;4.426;1.704;10;4426;1704;10
16;Sorocaba;XXXII;ITAPEVA;35162;ITAPEVA;354350 Riversul;4;0;0;4;0;0
8;Franca;XVIII;FRANCA;35081;TRÊS COLINAS;354360 Rifaina;16;0;0;16;0;0
3;Araraquara;XII;ARARAQUARA;35031;CENTRAL DO DRS III;354370 Rincão;15;1;0;15;1;0
9;Marília;XIX;MARÍLIA;35095;TUPÃ;354380 Rinópolis;4;0;0;4;0;0
10;Piracicaba;XX;PIRACICABA;35104;RIO CLARO;354390 Rio Claro;233;31;4;233;31;4
10;Piracicaba;XX;PIRACICABA;35103;PIRACICABA;354400 Rio das Pedras;21;4;0;21;4;0
1;São Paulo;VII;SANTO ANDRÉ;35015;GRANDE ABC;354410 Rio Grande da Serra;21;0;1;21;0;1
15;São José do Rio Preto;XXIX;SÃO JOSÉ DO RIO PRETO;35157;VOTUPORANGA;354420 Riolândia;15;2;0;15;2;0
11;Presidente Prudente;XXII;PRESIDENTE VENCESLAU;35115;PONTAL DO PARANAPANEMA;354425 Rosana;26;0;0;26;0;0
17;Taubaté;XXXIII;TAUBATÉ;35172;CIRCUITO DA FÉ - VALE HISTÓRICO;354430 Roseira;143;60;0;143;60;0
2;Araçatuba;XI;ARAÇATUBA;35021;CENTRAL DO DRS II;354440 Rubiácea;1;1;0;1;1;0
15;São José do Rio Preto;XXX;JALES;35152;SANTA FÉ DO SUL;354450 Rubinéia;0;0;0;0;0;0
6;Bauru;XV;BAURU;35065;LINS;354460 Sabino;5;2;0;5;2;0
9;Marília;XIX;MARÍLIA;35091;ADAMANTINA ;354470 Sagres;7;5;0;7;5;0
15;São José do Rio Preto;XXIX;SÃO JOSÉ DO RIO PRETO;35151;CATANDUVA;354480 Sales;142;97;5;142;97;5
8;Franca;XVIII;FRANCA;35082;ALTA ANHANGUERA;354490 Sales Oliveira;11;1;0;11;1;0
1;São Paulo;VIII;MOGI DAS CRUZES;35011;ALTO DO TIETÊ;354500 Salesópolis;3;0;0;3;0;0
9;Marília;XIX;MARÍLIA;35091;ADAMANTINA ;354510 Salmourão;4;2;0;4;2;0
10;Piracicaba;XX;PIRACICABA;35103;PIRACICABA;354515 Saltinho;23;6;0;23;6;0
16;Sorocaba;XXXI;SOROCABA;35163;SOROCABA;354520 Salto;196;46;3;196;46;3
16;Sorocaba;XXXI;SOROCABA;35163;SOROCABA;354530 Salto de Pirapora;41;2;5;41;2;5
9;Marília;XIII;ASSIS;35094;OURINHOS;354540 Salto Grande;9;1;0;9;1;0
11;Presidente Prudente;XXI;PRESIDENTE PRUDENTE;35112;ALTA SOROCABANA;354550 Sandovalina;5;0;0;5;0;0
15;São José do Rio Preto;XXIX;SÃO JOSÉ DO RIO PRETO;35151;CATANDUVA;354560 Santa Adélia;38;7;1;38;7;1
15;São José do Rio Preto;XXX;JALES;35153;JALES;354570 Santa Albertina;3;1;0;3;1;0
7;Campinas;XVII;CAMPINAS;35072;REG METRO CAMPINAS;354580 Santa Bárbara d'Oeste;267;19;22;267;19;22
17;Taubaté;XXVII;SÃO JOSÉ DOS CAMPOS;35171;ALTO VALE DO PARAÍBA;354600 Santa Branca;51;21;0;51;21;0
15;São José do Rio Preto;XXX;JALES;35152;SANTA FÉ DO SUL;354610 Santa Clara d'Oeste;3;0;0;3;0;0
10;Piracicaba;XX;PIRACICABA;35101;ARARAS;354620 Santa Cruz da Conceição;6;1;0;6;1;0
13;Riberão Preto;XXIV;RIBEIRÃO PRETO;35133;VALE DAS CACHOEIRAS;354625 Santa Cruz da Esperança;16;0;0;16;0;0
14;São João da Boa Vista;XXVI;SÃO JOÃO DA BOA VISTA;35142;MANTIQUEIRA;354630 Santa Cruz das Palmeiras;178;107;1;178;107;1
9;Marília;XIII;ASSIS;35094;OURINHOS;354640 Santa Cruz do Rio Pardo;80;18;5;80;18;5
3;Araraquara;XII;ARARAQUARA;35033;NORTE DO DRS III;354650 Santa Ernestina;26;8;0;26;8;0
15;São José do Rio Preto;XXX;JALES;35152;SANTA FÉ DO SUL;354660 Santa Fé do Sul;30;0;2;30;0;2
10;Piracicaba;XX;PIRACICABA;35104;RIO CLARO;354670 Santa Gertrudes;75;12;0;75;12;0
1;São Paulo;VIII;MOGI DAS CRUZES;35011;ALTO DO TIETÊ;354680 Santa Isabel;156;53;5;156;53;5
3;Araraquara;XII;ARARAQUARA;35031;CENTRAL DO DRS III;354690 Santa Lúcia;7;1;4;7;1;4
10;Piracicaba;XX;PIRACICABA;35103;PIRACICABA;354700 Santa Maria da Serra;8;2;0;8;2;0
11;Presidente Prudente;XXII;PRESIDENTE VENCESLAU;35111;ALTA PAULISTA;354710 Santa Mercedes;4;3;0;4;3;0
15;São José do Rio Preto;XXX;JALES;35153;JALES;354720 Santana da Ponte Pensa;1;0;0;1;0;0
1;São Paulo;X;OSASCO;35014;ROTA DOS BANDEIRANTES;354730 Santana de Parnaíba;138;27;16;138;27;16
15;São José do Rio Preto;XXX;JALES;35152;SANTA FÉ DO SUL;354740 Santa Rita d'Oeste;0;0;0;0;0;0
13;Riberão Preto;XXIV;RIBEIRÃO PRETO;35132;AQUÍFERO GUARANI;354750 Santa Rita do Passa Quatro;5;3;1;5;3;1
13;Riberão Preto;XXIV;RIBEIRÃO PRETO;35132;AQUÍFERO GUARANI;354760 Santa Rosa de Viterbo;29;5;0;29;5;0
15;São José do Rio Preto;XXX;JALES;35153;JALES;354765 Santa Salete;8;0;0;8;0;0
11;Presidente Prudente;XXI;PRESIDENTE PRUDENTE;35112;ALTA SOROCABANA;354770 Santo Anastácio;8;1;0;8;1;0
1;São Paulo;VII;SANTO ANDRÉ;35015;GRANDE ABC;354780 Santo André;343;107;86;343;107;86
13;Riberão Preto;XXIV;RIBEIRÃO PRETO;35133;VALE DAS CACHOEIRAS;354790 Santo Antônio da Alegria;13;11;0;13;11;0
7;Campinas;XVII;CAMPINAS;35072;REG METRO CAMPINAS;354800 Santo Antônio de Posse;53;10;0;53;10;0
2;Araçatuba;XI;ARAÇATUBA;35021;CENTRAL DO DRS II;354805 Santo Antônio do Aracanguá;11;1;0;11;1;0
14;São João da Boa Vista;XXVI;SÃO JOÃO DA BOA VISTA;35142;MANTIQUEIRA;354810 Santo Antônio do Jardim;14;10;0;14;10;0
17;Taubaté;XXXIII;TAUBATÉ;35174;V. PARAÍBA-REG. SERRANA;354820 Santo Antônio do Pinhal;6;0;0;6;0;0
11;Presidente Prudente;XXI;PRESIDENTE PRUDENTE;35112;ALTA SOROCABANA;354830 Santo Expedito;0;0;0;0;0;0
2;Araçatuba;XI;ARAÇATUBA;35023;CONSÓRCIOS DO DRS II;354840 Santópolis do Aguapeí;7;0;0;7;0;0
4;Baixada Santista;XXV;SANTOS;35041;BAIXADA SANTISTA;354850 Santos;280;3;2;280;3;2
17;Taubaté;XXXIII;TAUBATÉ;35174;V. PARAÍBA-REG. SERRANA;354860 São Bento do Sapucaí;0;0;0;0;0;0
1;São Paulo;VII;SANTO ANDRÉ;35015;GRANDE ABC;354870 São Bernardo do Campo;236;23;69;236;23;69
1;São Paulo;VII;SANTO ANDRÉ;35015;GRANDE ABC;354880 São Caetano do Sul;103;17;3;103;17;3
3;Araraquara;XII;ARARAQUARA;35034;CORAÇÃO DO DRS III;354890 São Carlos;413;49;6;413;49;6
15;São José do Rio Preto;XXX;JALES;35153;JALES;354900 São Francisco;6;1;0;6;1;0
14;São João da Boa Vista;XXVI;SÃO JOÃO DA BOA VISTA;35142;MANTIQUEIRA;354910 São João da Boa Vista;138;70;2;138;70;2
15;São José do Rio Preto;XXX;JALES;35154;FERNANDÓPOLIS;354920 São João das Duas Pontes;3;0;0;3;0;0
15;São José do Rio Preto;XXX;JALES;35154;FERNANDÓPOLIS;354925 São João de Iracema;2;0;0;2;0;0
11;Presidente Prudente;XXII;PRESIDENTE VENCESLAU;35111;ALTA PAULISTA;354930 São João do Pau d'Alho;8;4;0;8;4;0
8;Franca;XVIII;FRANCA;35082;ALTA ANHANGUERA;354940 São Joaquim da Barra;206;11;2;206;11;2
8;Franca;XVIII;FRANCA;35081;TRÊS COLINAS;354950 São José da Bela Vista;26;17;0;26;17;0
17;Taubaté;XXXIII;TAUBATÉ;35172;CIRCUITO DA FÉ - VALE HISTÓRICO;354960 São José do Barreiro;6;0;3;6;0;3
14;São João da Boa Vista;XXVI;SÃO JOÃO DA BOA VISTA;35143;RIO PARDO;354970 São José do Rio Pardo;90;20;0;90;20;0
15;São José do Rio Preto;XXIX;SÃO JOSÉ DO RIO PRETO;35155;SÃO JOSÉ DO RIO PRETO;354980 São José do Rio Preto;1.976;621;1;1976;621;1
17;Taubaté;XXVII;SÃO JOSÉ DOS CAMPOS;35171;ALTO VALE DO PARAÍBA;354990 São José dos Campos;4.078;794;120;4078;794;120
1;São Paulo;X;OSASCO;35013;MANANCIAIS;354995 São Lourenço da Serra;4;1;0;4;1;0
17;Taubaté;XXXIII;TAUBATÉ;35174;V. PARAÍBA-REG. SERRANA;355000 São Luís do Paraitinga;17;0;2;17;0;2
6;Bauru;XVI;BOTUCATU;35063;POLO CUESTA;355010 São Manuel;463;340;13;463;340;13
16;Sorocaba;XXXI;SOROCABA;35161;ITAPETININGA;355020 São Miguel Arcanjo;6;3;1;6;3;1
1;São Paulo;I;CAPITAL;35016;SÃO PAULO;355030 São Paulo;21.286;7.077;119;21286;7077;119
10;Piracicaba;XX;PIRACICABA;35103;PIRACICABA;355040 São Pedro;35;7;3;35;7;3
9;Marília;XIII;ASSIS;35094;OURINHOS;355050 São Pedro do Turvo;15;0;1;15;0;1
16;Sorocaba;XXXI;SOROCABA;35163;SOROCABA;355060 São Roque;29;0;2;29;0;2
17;Taubaté;XXVIII;CARAGUATATUBA;35173;LITORAL NORTE;355070 São Sebastião;419;89;0;419;89;0
14;São João da Boa Vista;XXVI;SÃO JOÃO DA BOA VISTA;35143;RIO PARDO;355080 São Sebastião da Grama;3;0;0;3;0;0
13;Riberão Preto;XXIV;RIBEIRÃO PRETO;35132;AQUÍFERO GUARANI;355090 São Simão;17;0;0;17;0;0
4;Baixada Santista;XXV;SANTOS;35041;BAIXADA SANTISTA;355100 São Vicente;103;19;0;103;19;0
16;Sorocaba;XXXI;SOROCABA;35161;ITAPETININGA;355110 Sarapuí;12;0;1;12;0;1
6;Bauru;XVI;BOTUCATU;35061;VALE DO JURUMIRIM;355120 Sarutaiá;14;12;1;14;12;1
15;São José do Rio Preto;XXIX;SÃO JOSÉ DO RIO PRETO;35157;VOTUPORANGA;355130 Sebastianópolis do Sul;18;0;0;18;0;0
13;Riberão Preto;XXIV;RIBEIRÃO PRETO;35132;AQUÍFERO GUARANI;355140 Serra Azul;54;1;0;54;1;0
13;Riberão Preto;XXIV;RIBEIRÃO PRETO;35132;AQUÍFERO GUARANI;355150 Serrana;85;30;0;85;30;0
7;Campinas;XVII;CAMPINAS;35074;CIRCUITO DAS AGUAS;355160 Serra Negra;17;3;0;17;3;0
13;Riberão Preto;XXIV;RIBEIRÃO PRETO;35131;HORIZONTE VERDE;355170 Sertãozinho;161;16;0;161;16;0
12;Registro;XXIII;REGISTRO;35121;VALE DO RIBEIRA;355180 Sete Barras;63;33;0;63;33;0
5;Barretos;XIV;BARRETOS;35051;NORTE-BARRETOS;355190 Severínia;21;2;0;21;2;0
17;Taubaté;XXXIII;TAUBATÉ;35172;CIRCUITO DA FÉ - VALE HISTÓRICO;355200 Silveiras;4;0;1;4;0;1
7;Campinas;XVII;CAMPINAS;35071;BRAGANÇA;355210 Socorro;30;1;0;30;1;0
16;Sorocaba;XXXI;SOROCABA;35163;SOROCABA;355220 Sorocaba;2.221;404;63;2221;404;63
2;Araçatuba;XI;ARAÇATUBA;35022;LAGOS DO DRS II;355230 Sud Mennucci;8;0;0;8;0;0
7;Campinas;XVII;CAMPINAS;35072;REG METRO CAMPINAS;355240 Sumaré;388;95;3;388;95;3
1;São Paulo;VIII;MOGI DAS CRUZES;35011;ALTO DO TIETÊ;355250 Suzano;745;378;5;745;378;5
2;Araçatuba;XI;ARAÇATUBA;35022;LAGOS DO DRS II;355255 Suzanápolis;2;0;0;2;0;0
15;São José do Rio Preto;XXIX;SÃO JOSÉ DO RIO PRETO;35151;CATANDUVA;355260 Tabapuã;65;35;0;65;35;0
3;Araraquara;XII;ARARAQUARA;35032;CENTRO OESTE DO DRS III;355270 Tabatinga;17;0;0;17;0;0
1;São Paulo;X;OSASCO;35013;MANANCIAIS;355280 Taboão da Serra;136;10;2;136;10;2
11;Presidente Prudente;XXI;PRESIDENTE PRUDENTE;35112;ALTA SOROCABANA;355290 Taciba;5;3;0;5;3;0
6;Bauru;XVI;BOTUCATU;35061;VALE DO JURUMIRIM;355300 Taguaí;1;0;1;1;0;1
5;Barretos;XIV;BARRETOS;35052;SUL-BARRETOS;355310 Taiaçu;11;2;0;11;2;0
5;Barretos;XIV;BARRETOS;35052;SUL-BARRETOS;355320 Taiúva;19;3;0;19;3;0
14;São João da Boa Vista;XXVI;SÃO JOÃO DA BOA VISTA;35142;MANTIQUEIRA;355330 Tambaú;43;24;0;43;24;0
15;São José do Rio Preto;XXIX;SÃO JOSÉ DO RIO PRETO;35155;SÃO JOSÉ DO RIO PRETO;355340 Tanabi;91;6;0;91;6;0
16;Sorocaba;XXXI;SOROCABA;35163;SOROCABA;355350 Tapiraí;0;0;0;0;0;0
14;São João da Boa Vista;XXVI;SÃO JOÃO DA BOA VISTA;35143;RIO PARDO;355360 Tapiratiba;25;0;0;25;0;0
5;Barretos;XIV;BARRETOS;35052;SUL-BARRETOS;355365 Taquaral;22;6;0;22;6;0
3;Araraquara;XII;ARARAQUARA;35033;NORTE DO DRS III;355370 Taquaritinga;8;4;0;8;4;0
6;Bauru;XVI;BOTUCATU;35061;VALE DO JURUMIRIM;355380 Taquarituba;6;0;1;6;0;1
16;Sorocaba;XXXII;ITAPEVA;35162;ITAPEVA;355385 Taquarivaí;0;0;0;0;0;0
11;Presidente Prudente;XXI;PRESIDENTE PRUDENTE;35112;ALTA SOROCABANA;355390 Tarabaí;18;4;2;18;4;2
9;Marília;XIII;ASSIS;35092;ASSIS;355395 Tarumã;75;52;4;75;52;4
16;Sorocaba;XXXI;SOROCABA;35161;ITAPETININGA;355400 Tatuí;195;4;10;195;4;10
17;Taubaté;XXXIII;TAUBATÉ;35174;V. PARAÍBA-REG. SERRANA;355410 Taubaté;2.491;1.194;1;2491;1194;1
6;Bauru;XVI;BOTUCATU;35061;VALE DO JURUMIRIM;355420 Tejupá;0;0;0;0;0;0
11;Presidente Prudente;XXII;PRESIDENTE VENCESLAU;35115;PONTAL DO PARANAPANEMA;355430 Teodoro Sampaio;81;0;4;81;0;4
5;Barretos;XIV;BARRETOS;35052;SUL-BARRETOS;355440 Terra Roxa;7;4;0;7;4;0
16;Sorocaba;XXXI;SOROCABA;35163;SOROCABA;355450 Tietê;27;4;1;27;4;1
9;Marília;XIII;ASSIS;35094;OURINHOS;355460 Timburi;0;0;0;0;0;0
6;Bauru;XVI;BOTUCATU;35063;POLO CUESTA;355465 Torre de Pedra;0;0;0;0;0;0
6;Bauru;XV;BAURU;35064;JAU;355470 Torrinha;7;2;5;7;2;5
3;Araraquara;XII;ARARAQUARA;35031;CENTRAL DO DRS III;355475 Trabiju;6;1;0;6;1;0
17;Taubaté;XXXIII;TAUBATÉ;35174;V. PARAÍBA-REG. SERRANA;355480 Tremembé;813;284;0;813;284;0
15;São José do Rio Preto;XXX;JALES;35152;SANTA FÉ DO SUL;355490 Três Fronteiras;3;0;0;3;0;0
7;Campinas;XVII;CAMPINAS;35071;BRAGANÇA;355495 Tuiuti;13;1;0;13;1;0
9;Marília;XIX;MARÍLIA;35095;TUPÃ;355500 Tupã;137;36;2;137;36;2
11;Presidente Prudente;XXII;PRESIDENTE VENCESLAU;35111;ALTA PAULISTA;355510 Tupi Paulista;11;6;0;11;6;0
2;Araçatuba;XI;ARAÇATUBA;35023;CONSÓRCIOS DO DRS II;355520 Turiúba;2;1;0;2;1;0
15;São José do Rio Preto;XXX;JALES;35154;FERNANDÓPOLIS;355530 Turmalina;1;0;0;1;0;0
15;São José do Rio Preto;XXIX;SÃO JOSÉ DO RIO PRETO;35156;JOSÉ BONIFÁCIO;355535 Ubarana;11;0;0;11;0;0
17;Taubaté;XXVIII;CARAGUATATUBA;35173;LITORAL NORTE;355540 Ubatuba;1.052;385;1;1052;385;1
9;Marília;XIX;MARÍLIA;35093;MARÍLIA;355550 Ubirajara;5;0;0;5;0;0
15;São José do Rio Preto;XXIX;SÃO JOSÉ DO RIO PRETO;35155;SÃO JOSÉ DO RIO PRETO;355560 Uchoa;26;3;0;26;3;0
15;São José do Rio Preto;XXIX;SÃO JOSÉ DO RIO PRETO;35156;JOSÉ BONIFÁCIO;355570 União Paulista;7;0;1;7;0;1
15;São José do Rio Preto;XXX;JALES;35153;JALES;355580 Urânia;11;1;0;11;1;0
6;Bauru;XV;BAURU;35065;LINS;355590 Uru;2;0;0;2;0;0
15;São José do Rio Preto;XXIX;SÃO JOSÉ DO RIO PRETO;35151;CATANDUVA;355600 Urupês;5;2;1;5;2;1
15;São José do Rio Preto;XXIX;SÃO JOSÉ DO RIO PRETO;35157;VOTUPORANGA;355610 Valentim Gentil;39;3;0;39;3;0
7;Campinas;XVII;CAMPINAS;35072;REG METRO CAMPINAS;355620 Valinhos;673;212;17;673;212;17
2;Araçatuba;XI;ARAÇATUBA;35021;CENTRAL DO DRS II;355630 Valparaíso;16;0;0;16;0;0
7;Campinas;XVII;CAMPINAS;35071;BRAGANÇA;355635 Vargem;20;2;0;20;2;0
14;São João da Boa Vista;XXVI;SÃO JOÃO DA BOA VISTA;35142;MANTIQUEIRA;355640 Vargem Grande do Sul;327;284;3;327;284;3
1;São Paulo;X;OSASCO;35013;MANANCIAIS;355645 Vargem Grande Paulista;22;4;0;22;4;0
7;Campinas;XVII;CAMPINAS;35073;JUNDIAÍ;355650 Várzea Paulista;211;89;1;211;89;1
9;Marília;XIX;MARÍLIA;35093;MARÍLIA;355660 Vera Cruz;35;4;0;35;4;0
7;Campinas;XVII;CAMPINAS;35072;REG METRO CAMPINAS;355670 Vinhedo;195;17;12;195;17;12
5;Barretos;XIV;BARRETOS;35052;SUL-BARRETOS;355680 Viradouro;37;6;1;37;6;1
5;Barretos;XIV;BARRETOS;35052;SUL-BARRETOS;355690 Vista Alegre do Alto;7;2;1;7;2;1
15;São José do Rio Preto;XXX;JALES;35153;JALES;355695 Vitória Brasil;1;0;0;1;0;0
16;Sorocaba;XXXI;SOROCABA;35163;SOROCABA;355700 Votorantim;642;281;1;642;281;1
15;São José do Rio Preto;XXIX;SÃO JOSÉ DO RIO PRETO;35157;VOTUPORANGA;355710 Votuporanga;1.196;278;0;1196;278;0
15;São José do Rio Preto;XXIX;SÃO JOSÉ DO RIO PRETO;35156;JOSÉ BONIFÁCIO;355715 Zacarias;1;1;0;1;1;0
9;Marília;XIII;ASSIS;35094;OURINHOS;355720 Chavantes;23;9;0;23;9;0
14;São João da Boa Vista;XXVI;SÃO JOÃO DA BOA VISTA;35141;BAIXA MOGIANA;355730 Estiva Gerbi;5;0;0;5;0;0
Total do Estado ;;;;;;;108.734;40.160;1.356;108734;40160;1356
;;;;;;;;;;;;
;Dados informados pelas Secretarias Municipais de Saúde no Sistema de Informação - SINAN , 16.02.2024;;;;;;;;;;;
